Workbook

Sheet Barrio
A1: código | B1: nombre | C1: descripción
A2: BAR-001 | B2: La Candelaria | C2: Barrio histórico y turístico con arquitectura colonial y zonas comerciales.
A3: BAR-002 | B3: Chapinero | C3: Sector residencial y comercial con universidades y restaurantes.
A4: BAR-003 | B4: El Poblado | C4: Zona exclusiva con centros comerciales y vida nocturna activa.
A5: BAR-004 | B5: Laureles | C5: Barrio residencial tradicional con parques y zonas deportivas.
A6: BAR-005 | B6: San Fernando | C6: Sector tranquilo con áreas verdes y viviendas familiares.
A7: BAR-006 | B7: Ciudad Jardín | C7: Zona residencial de alto nivel con colegios y universidades cercanas.
A8: BAR-007 | B8: Manga | C8: Barrio residencial con vista a la bahía y edificios moderno
A9: BAR-008 | B9: Bocagrande | C9: Zona turística con hoteles, playas y comercio.
A10: BAR-009 | B10: Cabecera del Llano | C10: Sector comercial y residencial con centros médicos y tiendas.
A11: BAR-010 | B11: Provenza | C11: Barrio gastronómico y turístico con restaurantes y cafés.

Sheet municipio
A1: Codigo | B1: Departamento_id | C1: nombre | D1: descripcion
A2: MUN-001 | B2: DEP-001 | C2: Medellín | D2: Municipio colombiano reconocido por su innovación y desarrollo urbano.
A3: MUN-002 | B3: DEP-002 | C3: Toronto | D3: Ciudad canadiense considerada centro financiero y cultural.
A4: MUN-003 | B4: DEP-003 | C4: Múnich | D4: Ciudad alemana famosa por su industria y tradición bávara.
A5: MUN-004 | B5: DEP-004 | C5: Shinjuku | D5: Distrito especial de Tokio con gran actividad comercial y empresarial.
A6: MUN-005 | B6: DEP-005 | C6: Sídney | D6: Ciudad australiana destacada por su puerto y actividad económica.
A7: MUN-006 | B7: DEP-006 | C7: Giza | D7: Municipio egipcio conocido por las pirámides y atractivo turístico.
A8: MUN-007 | B8: DEP-007 | C8: La Plata | D8: Ciudad argentina capital de la provincia de Buenos Aires.
A9: MUN-008 | B9: DEP-008 | C9: Mumbai | D9: Ciudad india considerada el centro financiero del país.
A10: MUN-009 | B10: DEP-009 | C10: París | D10: Capital francesa y centro cultural y turístico mundial.
A11: MUN-010 | B11: DEP-010 | C11: Johannesburgo | D11: Ciudad sudafricana con gran importancia económica.

Sheet departamento
A1: codigo | B1: Pais_id | C1: nombre | D1: descripción
A2: DEP-001 | B2: PAIS-001 | C2: Antioquia | D2: Departamento colombiano reconocido por su desarrollo industrial y cultural.
A3: DEP-002 | B3: PAIS-002 | C3: Ontario | D3: Provincia canadiense con gran actividad económica y población.
A4: DEP-003 | B4: PAIS-003 | C4: Baviera | D4: Estado federado alemán conocido por su tradición y potencia industrial.
A5: DEP-004 | B5: PAIS-004 | C5: Tokio | D5: Prefectura japonesa que concentra el mayor centro urbano del país.
A6: DEP-005 | B6: PAIS-005 | C6: Nueva Gales del Sur | D6: Estado australiano con importantes centros urbanos y económicos.
A7: DEP-006 | B7: PAIS-006 | C7: Giza | D7: Gobernación egipcia famosa por sus pirámides y patrimonio histórico.
A8: DEP-007 | B8: PAIS-007 | C8: Buenos Aires | D8: Provincia argentina con fuerte desarrollo agrícola y urbano.
A9: DEP-008 | B9: PAIS-008 | C9: Maharashtra | D9: Estado de la India con gran importancia económica e industrial.
A10: DEP-009 | B10: PAIS-009 | C10: Île-de-France | D10: Región francesa donde se ubica la capital del país.
A11: DEP-010 | B11: PAIS-010 | C11: Gauteng | D11: Provincia sudafricana con alta concentración económica y urbana.

Sheet pais
A1: Codigo | B1: contindente_id | C1: nombre | D1: descripcion
A2: PAIS-001 | B2: CONT-01 | C2: colombiano | D2: País sudamericano con gran diversidad cultural y natural.
A3: PAIS-002 | B3: CONT-02 | C3: Canadá | D3: Nación norteamericana reconocida por su calidad de vida y paisajes naturales.
A4: PAIS-003 | B4: ONT-03 | C4: Alemania | D4: País europeo con fuerte economía industrial y tecnológica.
A5: PAIS-004 | B5: CONT-04 | C5: Japón | D5: País asiático destacado por su innovación tecnológica y cultura tradicional.
A6: PAIS-005 | B6: CONT-05 | C6: Australia | D6: Nación de Oceanía con biodiversidad única y gran territorio insular.
A7: PAIS-006 | B7: CONT-06 | C7: Egipto | D7: País africano famoso por sus monumentos históricos y civilización antigua.
A8: PAIS-007 | B8: CONT-07 | C8: Argentina | D8: Nación sudamericana reconocida por su cultura y producción agrícola.
A9: PAIS-008 | B9: CONT-08 | C9: India | D9: País asiático con gran diversidad cultural y demográfica.
A10: PAIS-009 | B10: CONT-09 | C10: Francia | D10: Nación europea con gran influencia cultural y turística.
A11: PAIS-010 | B11: CONT-10 | C11: Sudáfrica | D11: País africano con diversidad étnica y riqueza natural.

Sheet continente
A1: Codigo | B1: Nombre | C1: Descripcion
A2: CONT-01 | B2: África | C2: Segundo continente más grande del mundo, con gran diversidad cultural y natural.
A3: CONT-02 | B3: América del Norte | C3: Región que incluye países como Canadá, Estados Unidos y México.
A4: CONT-03 | B4: América del Sur | C4: Continente con gran biodiversidad y la selva amazónica
A5: CONT-04 | B5: América Central | C5: Región que conecta América del Norte con América del Sur.
A6: CONT-05 | B6: Europa | C6: Continente con gran influencia histórica, cultural y económica.
A7: CONT-06 | B7: Asia | C7: : El continente más grande y poblado del planeta.
A8: CONT-07 | B8: Oceanía | C8: Región compuesta por Australia, Nueva Zelanda y múltiples islas del Pacífico.
A9: CONT-08 | B9: Antártida | C9: Continente más frío del mundo, cubierto casi totalmente por hielo.
A10: CONT-09 | B10: Eurasia | C10: Supercontinente que combina Europa y Asia como una sola masa continental.
A11: CONT-10 | B11: América | C11: Continente que agrupa América del Norte, Central y del Sur.

Sheet Producto
A1: Pedido | B1: codigo | C1: nombre | D1: Precio
A2: PED-001 | B2: SHN-001 | C2: iphon 17 | D2: 49900
A3: PED-002 | B3: SHN-002 | C3: Jeans Skinny Azul Claro | D3: 89900
A4: PED-003 | B4: SHN-003 | C4: Vestido Floral Corto Verano | D4: 69900
A5: PED-004 | B5: SHN-004 | C5: Chaqueta Denim Oversize | D5: 109900
A6: PED-005 | B6: SHN-005 | C6: Conjunto Deportivo Mujer Negro | D6: 79900
A7: PED-006 | B7: SHN-006 | C7: Zapatos Deportivos Blancos | D7: 129900
A8: PED-007 | B8: SHN-007 | C8: Bolso Crossbody Marrón | D8: 59900
A9: PED-008 | B9: SHN-008 | C9: Pijama Satín Rosa | D9: 54900
A10: PED-009 | B10: SHN-009 | C10: Top Crop Blanco | D10: 39900
A11: PED-010 | B11: SHN-010 | C11: Falda Plisada Negra | D11: 64900

Sheet Pedido
A1: codigo | B1: id_producto | C1: Nombre | D1: Cliente | E1: direccion | F1: id_Destino | G1: id_origen | H1: Barrio_id | I1: nombre | J1: Municipio_origen | K1: nombre | L1: pais_destino | M1: Nombre | N1: continente_id | O1: Nombre
A2: PED-001 | B2: SHN-001 | C2: =VLOOKUP(B2,Producto!B2:D11,2,FALSE) -> iphon 17 | D2: Valentina | E2: Calle 45 #12-30 | F2: =IFERROR(VLOOKUP(Pedido!L:L,pais!A:C,3,FALSE),"No existe") -> colombiano | G2: =IFERROR(VLOOKUP(J2,municipio!A:C,3,FALSE),"No existe") -> Medellín | H2: BAR-001 | I2: =VLOOKUP(H2,Barrio!A:A:'Barrio'!B:B,2,FALSE) -> La Candelaria | J2: MUN-001 | K2: =VLOOKUP(J2,municipio!A:C,3,FALSE) -> Medellín | L2: PAIS-001 | M2: =VLOOKUP(Pedido!L:L,pais!A:C,3,FALSE) -> colombiano | N2: CONT-01 | O2: =VLOOKUP(Pedido!N2,continente!A:B,2,FALSE) -> África
A3: PED-002 | B3: SHN-002 | C3: =VLOOKUP(B3,Producto!B3:D12,2,FALSE) -> Jeans Skinny Azul Claro | D3: Santiago | E3: Carrera 7 85-20 | F3: =IFERROR(VLOOKUP(Pedido!L:L,pais!A:C,3,FALSE),"No existe") -> Canadá | G3: =IFERROR(VLOOKUP(J3,municipio!A:C,3,FALSE),"No existe") -> Toronto | H3: BAR-002 | I3: =VLOOKUP(H3,Barrio!A:A:'Barrio'!B:B,2,FALSE) -> Chapinero | J3: MUN-002 | K3: =VLOOKUP(J3,municipio!A:C,3,FALSE) -> Toronto | L3: PAIS-002 | M3: =VLOOKUP(Pedido!L:L,pais!A:C,3,FALSE) -> Canadá | N3: CONT-02 | O3: =VLOOKUP(Pedido!N3,continente!A:B,2,FALSE) -> América del Norte
A4: PED-003 | B4: SHN-003 | C4: =VLOOKUP(B4,Producto!B4:D13,2,FALSE) -> Vestido Floral Corto Verano | D4: Isabella | E4: Avenida 68 #24-15 | F4: =IFERROR(VLOOKUP(Pedido!L:L,pais!A:C,3,FALSE),"No existe") -> Alemania | G4: =IFERROR(VLOOKUP(J4,municipio!A:C,3,FALSE),"No existe") -> Múnich | H4: BAR-003 | I4: =VLOOKUP(H4,Barrio!A:A:'Barrio'!B:B,2,FALSE) -> El Poblado | J4: MUN-003 | K4: =VLOOKUP(J4,municipio!A:C,3,FALSE) -> Múnich | L4: PAIS-003 | M4: =VLOOKUP(Pedido!L:L,pais!A:C,3,FALSE) -> Alemania | N4: CONT-03 | O4: =VLOOKUP(Pedido!N4,continente!A:B,2,FALSE) -> América del Sur
A5: PED-004 | B5: SHN-004 | C5: =VLOOKUP(B5,Producto!B5:D14,2,FALSE) -> Chaqueta Denim Oversize | D5: Mateo | E5: Calle 10 5-18 | F5: =IFERROR(VLOOKUP(Pedido!L:L,pais!A:C,3,FALSE),"No existe") -> Japón | G5: =IFERROR(VLOOKUP(J5,municipio!A:C,3,FALSE),"No existe") -> Shinjuku | H5: BAR-004 | I5: =VLOOKUP(H5,Barrio!A:A:'Barrio'!B:B,2,FALSE) -> Laureles | J5: MUN-004 | K5: =VLOOKUP(J5,municipio!A:C,3,FALSE) -> Shinjuku | L5: PAIS-004 | M5: =VLOOKUP(Pedido!L:L,pais!A:C,3,FALSE) -> Japón | N5: CONT-04 | O5: =VLOOKUP(Pedido!N5,continente!A:B,2,FALSE) -> América Central
A6: PED-005 | B6: SHN-005 | C6: =VLOOKUP(B6,Producto!B6:D15,2,FALSE) -> Conjunto Deportivo Mujer Negro | D6: Camila | E6: Carrera 50 33-42 | F6: =IFERROR(VLOOKUP(Pedido!L:L,pais!A:C,3,FALSE),"No existe") -> Australia | G6: =IFERROR(VLOOKUP(J6,municipio!A:C,3,FALSE),"No existe") -> Sídney | H6: BAR-005 | I6: =VLOOKUP(H6,Barrio!A:A:'Barrio'!B:B,2,FALSE) -> San Fernando | J6: MUN-005 | K6: =VLOOKUP(J6,municipio!A:C,3,FALSE) -> Sídney | L6: PAIS-005 | M6: =VLOOKUP(Pedido!L:L,pais!A:C,3,FALSE) -> Australia | N6: CONT-05 | O6: =VLOOKUP(Pedido!N6,continente!A:B,2,FALSE) -> Europa
A7: PED-006 | B7: SHN-006 | C7: =VLOOKUP(B7,Producto!B7:D16,2,FALSE) -> Zapatos Deportivos Blancos | D7: Sebastián | E7: Calle 72 #9-55 | F7: =IFERROR(VLOOKUP(Pedido!L:L,pais!A:C,3,FALSE),"No existe") -> Egipto | G7: =IFERROR(VLOOKUP(J7,municipio!A:C,3,FALSE),"No existe") -> Giza | H7: BAR-006 | I7: =VLOOKUP(H7,Barrio!A:A:'Barrio'!B:B,2,FALSE) -> Ciudad Jardín | J7: MUN-006 | K7: =VLOOKUP(J7,municipio!A:C,3,FALSE) -> Giza | L7: PAIS-006 | M7: =VLOOKUP(Pedido!L:L,pais!A:C,3,FALSE) -> Egipto | N7: CONT-06 | O7: =VLOOKUP(Pedido!N7,continente!A:B,2,FALSE) -> Asia
A8: PED-007 | B8: SHN-007 | C8: =VLOOKUP(B8,Producto!B8:D17,2,FALSE) -> Bolso Crossbody Marrón | D8: Mariana | E8: Avenida Boyacá #134-60 | F8: =IFERROR(VLOOKUP(Pedido!L:L,pais!A:C,3,FALSE),"No existe") -> Argentina | G8: =IFERROR(VLOOKUP(J8,municipio!A:C,3,FALSE),"No existe") -> La Plata | H8: BAR-007 | I8: =VLOOKUP(H8,Barrio!A:A:'Barrio'!B:B,2,FALSE) -> Manga | J8: MUN-007 | K8: =VLOOKUP(J8,municipio!A:C,3,FALSE) -> La Plata | L8: PAIS-007 | M8: =VLOOKUP(Pedido!L:L,pais!A:C,3,FALSE) -> Argentina | N8: CONT-07 | O8: =VLOOKUP(Pedido!N8,continente!A:B,2,FALSE) -> Oceanía
A9: PED-008 | B9: SHN-008 | C9: =VLOOKUP(B9,Producto!B9:D18,2,FALSE) -> Pijama Satín Rosa | D9: Daniel | E9: Carrera 15 #100-25 | F9: =IFERROR(VLOOKUP(Pedido!L:L,pais!A:C,3,FALSE),"No existe") -> India | G9: =IFERROR(VLOOKUP(J9,municipio!A:C,3,FALSE),"No existe") -> Mumbai | H9: BAR-008 | I9: =VLOOKUP(H9,Barrio!A:A:'Barrio'!B:B,2,FALSE) -> Bocagrande | J9: MUN-008 | K9: =VLOOKUP(J9,municipio!A:C,3,FALSE) -> Mumbai | L9: PAIS-008 | M9: =VLOOKUP(Pedido!L:L,pais!A:C,3,FALSE) -> India | N9: CONT-08 | O9: =VLOOKUP(Pedido!N9,continente!A:B,2,FALSE) -> Antártida
A10: PED-009 | B10: SHN-009 | C10: =VLOOKUP(B10,Producto!B10:D19,2,FALSE) -> Top Crop Blanco | D10: Gabriela | E10: Calle 80 #70-10 | F10: =IFERROR(VLOOKUP(Pedido!L:L,pais!A:C,3,FALSE),"No existe") -> Francia | G10: =IFERROR(VLOOKUP(J10,municipio!A:C,3,FALSE),"No existe") -> París | H10: BAR-009 | I10: =VLOOKUP(H10,Barrio!A:A:'Barrio'!B:B,2,FALSE) -> Cabecera del Llano | J10: MUN-009 | K10: =VLOOKUP(J10,municipio!A:C,3,FALSE) -> París | L10: PAIS-009 | M10: =VLOOKUP(Pedido!L:L,pais!A:C,3,FALSE) -> Francia | N10: CONT-09 | O10: =VLOOKUP(Pedido!N10,continente!A:B,2,FALSE) -> Eurasia
A11: PED-010 | B11: SHN-010 | C11: =VLOOKUP(B11,Producto!B11:D20,2,FALSE) -> Falda Plisada Negra | D11: Nicolás | E11: Transversal 93 #53-80 | F11: =IFERROR(VLOOKUP(Pedido!L:L,pais!A:C,3,FALSE),"No existe") -> Sudáfrica | G11: =IFERROR(VLOOKUP(J11,municipio!A:C,3,FALSE),"No existe") -> Johannesburgo | H11: BAR-010 | I11: =VLOOKUP(H11,Barrio!A:A:'Barrio'!B:B,2,FALSE) -> Provenza | J11: MUN-010 | K11: =VLOOKUP(J11,municipio!A:C,3,FALSE) -> Johannesburgo | L11: PAIS-010 | M11: =VLOOKUP(Pedido!L:L,pais!A:C,3,FALSE) -> Sudáfrica | N11: CONT-10 | O11: =VLOOKUP(Pedido!N11,continente!A:B,2,FALSE) -> América

Sheet CONSULTA
D2: Codigo: | E2: PED-010
D4: clientes | E4: =IFERROR(VLOOKUP(E2,Pedido!A1:O11,4,FALSE),"No existe") -> Nicolás
D5: Precio | E5: =IFERROR(VLOOKUP(E2,Producto!A1:D11,4,FALSE),"No existe") -> 64900
A7: Desde qué ciudad se envió el pedido | B7: =IFERROR(VLOOKUP(E2,Pedido!A:O,11,FALSE),"no existe") -> Johannesburgo
A8: En qué continente se encuentra el destino? | B8: =IFERROR(VLOOKUP(E2,Pedido!A:O,15,FALSE),"no existe") -> América
A9: Qué producto fue enviado | B9: =IFERROR(VLOOKUP(E2,Pedido!A:O,3,FALSE),"no existe") -> Falda Plisada Negra
A10: ¿Cuál es la ruta geográfica completa del pedido? | B10: =IFERROR(VLOOKUP(E2,Pedido!A:O,13,FALSE),"no existe") -> Sudáfrica
